

-- ----------------------------
-- Records of tb_sys_admin_user
-- ----------------------------
delete from tb_sys_admin_user;

INSERT INTO `tb_sys_admin_user`(id,account,password,salt,inner_type,name,status,description,token,login_time,when_created,when_modified,who_created,who_modified) VALUES
('1', 'admin', 'db4e09bcf325c23b5876ade437b3d42c203add089c17f5f3f5e44cc745dc1938a7382bd8a4036c9dbbba9c99fb993658e684a42058df3aa46ba57387c5b53e77',
'uZgutbTuv7Z3xXYtrgocVpBNDiP5q9iPd8a2KS6FhBEbfLvzuL0km9eFTNFzyPOK2I9U86XfBUjb8DqwwLSyMGF7a903EBycugiUJv4tyrzYltK1WqnDCOLjGAKoTngu',
'INNER', '系统内置超级管理员',  'USABLE', '系统内置超级管理员', null, null, '2019-09-01 16:05:41', null, null, null);




-- ----------------------------
-- Records of tb_sys_menu
-- ----------------------------
delete from tb_sys_menu;
INSERT INTO `tb_sys_menu` (`id`, `parent_id`, `name`, `url`, `perms`, `type`, `icon`, `inner_type`, `order_num`, `when_created`, `when_modified`, `who_created`, `who_modified`) VALUES ('1000', '0', '首页', 'admin/index', 'admin:index', 'TOP_MENU', 'layui-icon-home', 'INNER', '1', '2019-09-03 18:33:13', NULL, '1', NULL);
INSERT INTO `tb_sys_menu` (`id`, `parent_id`, `name`, `url`, `perms`, `type`, `icon`, `inner_type`, `order_num`, `when_created`, `when_modified`, `who_created`, `who_modified`) VALUES ('1001', '1000', '首页展示界面', 'admin/main', 'admin:index:main', 'BUTTON', 'layui-icon-xxx', 'INNER', '8', '2019-09-03 17:46:42', NULL, '1', NULL);
INSERT INTO `tb_sys_menu` (`id`, `parent_id`, `name`, `url`, `perms`, `type`, `icon`, `inner_type`, `order_num`, `when_created`, `when_modified`, `who_created`, `who_modified`) VALUES ('1002', '1000', '首页用户修改资料页面', 'admin/toUpdateUserInfo', 'admin:toUpdateUserInfo', 'BUTTON', NULL, 'INNER', '0', '2019-11-11 15:35:09', NULL, NULL, NULL);
INSERT INTO `tb_sys_menu` (`id`, `parent_id`, `name`, `url`, `perms`, `type`, `icon`, `inner_type`, `order_num`, `when_created`, `when_modified`, `who_created`, `who_modified`) VALUES ('1003', '1000', '首页用户修改密码页面', 'admin/toUpdatePassword', 'admin:toUpdatePassword', 'BUTTON', NULL, 'INNER', '0', '2019-11-11 15:35:28', NULL, NULL, NULL);
INSERT INTO `tb_sys_menu` (`id`, `parent_id`, `name`, `url`, `perms`, `type`, `icon`, `inner_type`, `order_num`, `when_created`, `when_modified`, `who_created`, `who_modified`) VALUES ('1004', '1000', '修改用户资料', 'admin/updateUserInfo', 'admin:updateUserInfo', 'BUTTON', NULL, 'INNER', '0', '2019-11-11 15:35:29', NULL, NULL, NULL);
INSERT INTO `tb_sys_menu` (`id`, `parent_id`, `name`, `url`, `perms`, `type`, `icon`, `inner_type`, `order_num`, `when_created`, `when_modified`, `who_created`, `who_modified`) VALUES ('1005', '1000', '修改用户密码', 'admin/updatePassword', 'admin:updatePassword', 'BUTTON', NULL, 'INNER', '0', '2019-11-11 15:35:31', NULL, NULL, NULL);
INSERT INTO `tb_sys_menu` (`id`, `parent_id`, `name`, `url`, `perms`, `type`, `icon`, `inner_type`, `order_num`, `when_created`, `when_modified`, `who_created`, `who_modified`) VALUES ('2000', '0', '材料收转', 'admin/sysuser', 'admin:666', 'TOP_MENU', 'layui-icon-set', 'INNER', '2', '2019-09-03 18:33:16', NULL, '1', NULL);
INSERT INTO `tb_sys_menu` (`id`, `parent_id`, `name`, `url`, `perms`, `type`, `icon`, `inner_type`, `order_num`, `when_created`, `when_modified`, `who_created`, `who_modified`) VALUES ('2200', '2000', '收转记录', 'admin/sendrecord/toList', 'admin:sendrecord:list', 'SECOND_MENU', 'layui-icon icon-jilu', 'INNER', '2', '2019-09-02 00:34:35', '2019-09-01 15:55:07', '1', '1');
INSERT INTO `tb_sys_menu` (`id`, `parent_id`, `name`, `url`, `perms`, `type`, `icon`, `inner_type`, `order_num`, `when_created`, `when_modified`, `who_created`, `who_modified`) VALUES ('2300', '2000', '未取文件', 'admin/sendrecord/notwaiting', 'admin:sendrecord:notwaiting', 'SECOND_MENU', 'layui-icon icon-weiqu', 'INNER', '3', '2019-09-03 17:46:30', '2019-09-01 15:59:44', '1', '1');
INSERT INTO `tb_sys_menu` (`id`, `parent_id`, `name`, `url`, `perms`, `type`, `icon`, `inner_type`, `order_num`, `when_created`, `when_modified`, `who_created`, `who_modified`) VALUES ('2400', '2000', '已取文件', 'admin/sendrecord/already', 'admin:sendrecord:already', 'SECOND_MENU', 'layui-icon icon-wenjian', 'INNER', '4', '2019-09-03 17:46:30', '2019-09-01 15:59:44', '1', '1');
INSERT INTO `tb_sys_menu` (`id`, `parent_id`, `name`, `url`, `perms`, `type`, `icon`, `inner_type`, `order_num`, `when_created`, `when_modified`, `who_created`, `who_modified`) VALUES ('2500', '2000', '已存文件', 'admin/sendrecord/waitingto', 'admin:sendrecord:waiting', 'SECOND_MENU', 'layui-icon icon-cun', 'INNER', '5', '2019-09-03 17:46:30', '2019-09-01 15:59:44', '1', '1');
INSERT INTO `tb_sys_menu` (`id`, `parent_id`, `name`, `url`, `perms`, `type`, `icon`, `inner_type`, `order_num`, `when_created`, `when_modified`, `who_created`, `who_modified`) VALUES ('2700', '2000', '材料登记', 'admin/qrrecode/toList', 'admin:qrrecode:list', 'SECOND_MENU', 'layui-icon icon-dengji', 'INNER', '1', '2019-09-05 11:38:11', NULL, '1', NULL);
INSERT INTO `tb_sys_menu` (`id`, `parent_id`, `name`, `url`, `perms`, `type`, `icon`, `inner_type`, `order_num`, `when_created`, `when_modified`, `who_created`, `who_modified`) VALUES ('2701', '2700', '添加新增', 'admin/qrrecode/add', 'admin:qrrecode:add', 'BUTTON', NULL, 'INNER', '0', '2019-09-17 17:09:51', NULL, '1', NULL);
INSERT INTO `tb_sys_menu` (`id`, `parent_id`, `name`, `url`, `perms`, `type`, `icon`, `inner_type`, `order_num`, `when_created`, `when_modified`, `who_created`, `who_modified`) VALUES ('2702', '2700', '删除', 'admin/qrrecode/delete', 'admin:qrrecode:delete', 'BUTTON', NULL, 'INNER', '0', '2019-09-17 17:11:12', NULL, '1', NULL);
INSERT INTO `tb_sys_menu` (`id`, `parent_id`, `name`, `url`, `perms`, `type`, `icon`, `inner_type`, `order_num`, `when_created`, `when_modified`, `who_created`, `who_modified`) VALUES ('2703', '2700', '编辑', 'admin/qrrecode/updete', 'admin:qrrecode:updete', 'BUTTON', NULL, 'INNER', '0', '2019-09-17 17:12:09', NULL, '1', NULL);
INSERT INTO `tb_sys_menu` (`id`, `parent_id`, `name`, `url`, `perms`, `type`, `icon`, `inner_type`, `order_num`, `when_created`, `when_modified`, `who_created`, `who_modified`) VALUES ('3000', '0', '文件督办', 'admin/sysuser', 'admin:7777', 'TOP_MENU', 'layui-icon-set', 'INNER', '3', '2019-09-03 18:33:16', NULL, '1', NULL);
INSERT INTO `tb_sys_menu` (`id`, `parent_id`, `name`, `url`, `perms`, `type`, `icon`, `inner_type`, `order_num`, `when_created`, `when_modified`, `who_created`, `who_modified`) VALUES ('3100', '3000', '内部文件督办', 'admin/sendrecord/selectInternalToList', 'admin:externalSendRecordWaiting:selectInternalList', 'SECOND_MENU', 'layui-icon icon-neibu', 'INNER', '1', '2019-09-02 00:34:35', '2019-09-01 15:49:45', '1', '1');
INSERT INTO `tb_sys_menu` (`id`, `parent_id`, `name`, `url`, `perms`, `type`, `icon`, `inner_type`, `order_num`, `when_created`, `when_modified`, `who_created`, `who_modified`) VALUES ('3200', '3000', '外部文件督办', 'admin/sendrecord/selectExternalToList', 'admin:externalSendRecordWaiting:selectExternalList', 'SECOND_MENU', 'layui-icon icon-waibu', 'INNER', '2', '2019-09-02 00:34:35', '2019-09-01 15:55:07', '1', '1');
INSERT INTO `tb_sys_menu` (`id`, `parent_id`, `name`, `url`, `perms`, `type`, `icon`, `inner_type`, `order_num`, `when_created`, `when_modified`, `who_created`, `who_modified`) VALUES ('3300', '3000', '文件督办', 'admin/sendrecord/supervise', 'admin:sendrecord:supervise', 'BUTTON', NULL, 'INNER', '0', '2019-09-18 15:28:58', NULL, '1', NULL);
INSERT INTO `tb_sys_menu` (`id`, `parent_id`, `name`, `url`, `perms`, `type`, `icon`, `inner_type`, `order_num`, `when_created`, `when_modified`, `who_created`, `who_modified`) VALUES ('3400', '3000', '文件督办手机号修改', 'admin:sendrecord:updete', 'admin:sendrecord:updete', 'BUTTON', NULL, 'INNER', '0', '2019-09-18 15:28:58', NULL, '1', NULL);
INSERT INTO `tb_sys_menu` (`id`, `parent_id`, `name`, `url`, `perms`, `type`, `icon`, `inner_type`, `order_num`, `when_created`, `when_modified`, `who_created`, `who_modified`) VALUES ('4000', '0', '云柜管理', 'admin/sysuser', 'admin:8888', 'TOP_MENU', 'layui-icon-set', 'INNER', '4', '2019-09-03 18:33:16', NULL, '1', NULL);
INSERT INTO `tb_sys_menu` (`id`, `parent_id`, `name`, `url`, `perms`, `type`, `icon`, `inner_type`, `order_num`, `when_created`, `when_modified`, `who_created`, `who_modified`) VALUES ('4100', '4000', '柜组设置', 'admin/cabinet/area/toListView', 'admin:sys:cabinet:area:toList', 'SECOND_MENU', 'layui-icon icon-guizu', 'INNER', '1', '2019-09-02 00:34:35', '2019-09-01 15:49:45', '1', '1');
INSERT INTO `tb_sys_menu` (`id`, `parent_id`, `name`, `url`, `perms`, `type`, `icon`, `inner_type`, `order_num`, `when_created`, `when_modified`, `who_created`, `who_modified`) VALUES ('4101', '4100', '快递柜信息添加', NULL, 'admin:sys:cabinet:area:add', 'BUTTON', 'layui-icon-xxx', 'INNER', '1', '2019-09-02 00:34:39', NULL, '1', NULL);
INSERT INTO `tb_sys_menu` (`id`, `parent_id`, `name`, `url`, `perms`, `type`, `icon`, `inner_type`, `order_num`, `when_created`, `when_modified`, `who_created`, `who_modified`) VALUES ('4102', '4100', '快递柜信息修改', NULL, 'admin:sys:cabinet:area:edit', 'BUTTON', 'layui-icon-xxx', 'INNER', '2', '2019-09-02 00:34:39', NULL, '1', NULL);
INSERT INTO `tb_sys_menu` (`id`, `parent_id`, `name`, `url`, `perms`, `type`, `icon`, `inner_type`, `order_num`, `when_created`, `when_modified`, `who_created`, `who_modified`) VALUES ('4103', '4100', '快递柜信息删除', NULL, 'admin:sys:cabinet:area:del', 'BUTTON', NULL, 'INNER', '3', '2019-10-29 15:38:25', NULL, '1', '1');
INSERT INTO `tb_sys_menu` (`id`, `parent_id`, `name`, `url`, `perms`, `type`, `icon`, `inner_type`, `order_num`, `when_created`, `when_modified`, `who_created`, `who_modified`) VALUES ('4200', '4000', '柜门设置', 'admin/cabinet/info/toListView', 'admin:sys:cabinet:info:toList', 'SECOND_MENU', 'layui-icon icon-men', 'INNER', '2', '2019-09-02 00:34:35', '2019-09-01 15:55:07', '1', '1');
INSERT INTO `tb_sys_menu` (`id`, `parent_id`, `name`, `url`, `perms`, `type`, `icon`, `inner_type`, `order_num`, `when_created`, `when_modified`, `who_created`, `who_modified`) VALUES ('4201', '4200', '快递箱信息添加', NULL, 'admin:sys:cabinet:info:add', 'BUTTON', 'layui-icon-xxx', 'INNER', '1', '2019-09-02 00:34:39', NULL, '1', NULL);
INSERT INTO `tb_sys_menu` (`id`, `parent_id`, `name`, `url`, `perms`, `type`, `icon`, `inner_type`, `order_num`, `when_created`, `when_modified`, `who_created`, `who_modified`) VALUES ('4202', '4200', '快递箱信息修改', NULL, 'admin:sys:cabinet:info:edit', 'BUTTON', 'layui-icon-xxx', 'INNER', '2', '2019-09-02 00:34:39', NULL, '1', NULL);
INSERT INTO `tb_sys_menu` (`id`, `parent_id`, `name`, `url`, `perms`, `type`, `icon`, `inner_type`, `order_num`, `when_created`, `when_modified`, `who_created`, `who_modified`) VALUES ('4203', '4200', '快递箱信息删除', NULL, 'admin:sys:cabinet:info:del', 'BUTTON', NULL, 'INNER', '3', '2019-10-29 15:38:25', NULL, '1', '1');
INSERT INTO `tb_sys_menu` (`id`, `parent_id`, `name`, `url`, `perms`, `type`, `icon`, `inner_type`, `order_num`, `when_created`, `when_modified`, `who_created`, `who_modified`) VALUES ('5000', '0', '案件信息', NULL, 'admin:issue', 'TOP_MENU', 'layui-icon-template-1', 'INNER', '5', '2019-09-06 15:24:38', NULL, NULL, NULL);
INSERT INTO `tb_sys_menu` (`id`, `parent_id`, `name`, `url`, `perms`, `type`, `icon`, `inner_type`, `order_num`, `when_created`, `when_modified`, `who_created`, `who_modified`) VALUES ('5100', '5000', '案件信息管理', 'admin/caseinfo/toList', 'admin:caseinfo:toList', 'SECOND_MENU', 'layui-icon icon-xinxi', 'INNER', '9', '2019-09-18 15:34:55', NULL, '1', NULL);
INSERT INTO `tb_sys_menu` (`id`, `parent_id`, `name`, `url`, `perms`, `type`, `icon`, `inner_type`, `order_num`, `when_created`, `when_modified`, `who_created`, `who_modified`) VALUES ('5108', '5000', '常用联系人新增查询法官弹窗', 'admin/contacts/toSelectJudgeList', 'admin:contacts:selectJudgeList', 'BUTTON', NULL, 'INNER', '1', '2019-09-17 17:09:37', NULL, '1', NULL);
INSERT INTO `tb_sys_menu` (`id`, `parent_id`, `name`, `url`, `perms`, `type`, `icon`, `inner_type`, `order_num`, `when_created`, `when_modified`, `who_created`, `who_modified`) VALUES ('5109', '5000', '常用联系人新增查询内部人员弹窗', 'admin/contacts/selectContactsList', 'admin:contacts:selectContactsList', 'BUTTON', NULL, 'INNER', '1', '2019-09-17 16:20:47', NULL, '1', NULL);
INSERT INTO `tb_sys_menu` (`id`, `parent_id`, `name`, `url`, `perms`, `type`, `icon`, `inner_type`, `order_num`, `when_created`, `when_modified`, `who_created`, `who_modified`) VALUES ('5101', '5100', '案件信息管理新增', 'admin/caseinfo/add', 'admin:caseinfo:add', 'BUTTON', NULL, 'INNER', '0', '2019-09-18 15:28:58', NULL, '1', NULL);
INSERT INTO `tb_sys_menu` (`id`, `parent_id`, `name`, `url`, `perms`, `type`, `icon`, `inner_type`, `order_num`, `when_created`, `when_modified`, `who_created`, `who_modified`) VALUES ('5102', '5100', '案件信息管理删除', 'admin/caseinfo/delete', 'admin:caseinfo:delete', 'BUTTON', NULL, 'INNER', '0', '2019-09-18 15:30:07', NULL, '1', NULL);
INSERT INTO `tb_sys_menu` (`id`, `parent_id`, `name`, `url`, `perms`, `type`, `icon`, `inner_type`, `order_num`, `when_created`, `when_modified`, `who_created`, `who_modified`) VALUES ('5103', '5100', '案件信息管理编辑', 'admin/caseinfo/update', 'admin:caseinfo:update', 'BUTTON', NULL, 'INNER', '0', '2019-09-18 15:31:06', NULL, '1', NULL);
INSERT INTO `tb_sys_menu` (`id`, `parent_id`, `name`, `url`, `perms`, `type`, `icon`, `inner_type`, `order_num`, `when_created`, `when_modified`, `who_created`, `who_modified`) VALUES ('5104', '5100', '案件信息管理同步', 'admin/caseinfo/synchData', 'admin:caseinfo:synchData', 'BUTTOn', NULL, 'INNER', '0', '2019-09-18 15:32:35', NULL, '1', NULL);
INSERT INTO `tb_sys_menu` (`id`, `parent_id`, `name`, `url`, `perms`, `type`, `icon`, `inner_type`, `order_num`, `when_created`, `when_modified`, `who_created`, `who_modified`) VALUES ('5105', '5100', '案件参与人', 'admin/caseparty/toList', 'admin:caseparty:toList', 'BUTTON', NULL, 'INNER', '0', '2019-09-18 15:28:58', NULL, '1', NULL);
INSERT INTO `tb_sys_menu` (`id`, `parent_id`, `name`, `url`, `perms`, `type`, `icon`, `inner_type`, `order_num`, `when_created`, `when_modified`, `who_created`, `who_modified`) VALUES ('5106', '5100', '案件参与人新增', 'admin/caseparty/add', 'admin:caseparty:add', 'BUTTON', NULL, 'INNER', '0', '2019-09-18 15:28:58', NULL, '1', NULL);
INSERT INTO `tb_sys_menu` (`id`, `parent_id`, `name`, `url`, `perms`, `type`, `icon`, `inner_type`, `order_num`, `when_created`, `when_modified`, `who_created`, `who_modified`) VALUES ('5107', '5100', '案件参与人删除', 'admin/caseparty/delete', 'admin:caseparty:delete', 'BUTTON', NULL, 'INNER', '0', '2019-09-18 15:28:58', NULL, '1', NULL);
INSERT INTO `tb_sys_menu` (`id`, `parent_id`, `name`, `url`, `perms`, `type`, `icon`, `inner_type`, `order_num`, `when_created`, `when_modified`, `who_created`, `who_modified`) VALUES ('6000', '0', '人员部门', 'admin/sysuser', 'admin:9999', 'TOP_MENU', 'layui-icon-set', 'INNER', '6', '2019-09-03 18:33:16', NULL, '1', NULL);
INSERT INTO `tb_sys_menu` (`id`, `parent_id`, `name`, `url`, `perms`, `type`, `icon`, `inner_type`, `order_num`, `when_created`, `when_modified`, `who_created`, `who_modified`) VALUES ('6100', '6000', '人员管理', 'admin/user/detail/toListView', 'admin:user:detail:toList', 'SECOND_MENU', 'layui-icon icon-renyuan', 'INNER', '1', '2019-09-02 00:34:35', '2019-09-01 15:49:45', '1', '1');
INSERT INTO `tb_sys_menu` (`id`, `parent_id`, `name`, `url`, `perms`, `type`, `icon`, `inner_type`, `order_num`, `when_created`, `when_modified`, `who_created`, `who_modified`) VALUES ('6101', '6100', '添加用户', '', 'admin:user:detail:add', 'BUTTON', 'layui-icon-xxx', 'INNER', '4', '2019-09-02 00:34:38', NULL, '1', NULL);
INSERT INTO `tb_sys_menu` (`id`, `parent_id`, `name`, `url`, `perms`, `type`, `icon`, `inner_type`, `order_num`, `when_created`, `when_modified`, `who_created`, `who_modified`) VALUES ('6102', '6100', '修改用户', '', 'admin:user:detail:edit', 'BUTTON', 'layui-icon-xxx', 'INNER', '5', '2019-09-02 00:34:38', NULL, '1', NULL);
INSERT INTO `tb_sys_menu` (`id`, `parent_id`, `name`, `url`, `perms`, `type`, `icon`, `inner_type`, `order_num`, `when_created`, `when_modified`, `who_created`, `who_modified`) VALUES ('6103', '6100', '删除用户', '', 'admin:user:detail:delete', 'BUTTON', 'layui-icon-xxx', 'INNER', '6', '2019-09-02 00:34:37', NULL, '1', NULL);
INSERT INTO `tb_sys_menu` (`id`, `parent_id`, `name`, `url`, `perms`, `type`, `icon`, `inner_type`, `order_num`, `when_created`, `when_modified`, `who_created`, `who_modified`) VALUES ('6200', '6000', '部门管理', 'admin/department/toList', 'admin:sys:dep:list', 'SECOND_MENU', 'layui-icon icon-bumen', 'INNER', '2', '2019-09-02 00:34:35', '2019-09-01 15:55:07', '1', '1');
INSERT INTO `tb_sys_menu` (`id`, `parent_id`, `name`, `url`, `perms`, `type`, `icon`, `inner_type`, `order_num`, `when_created`, `when_modified`, `who_created`, `who_modified`) VALUES ('6201', '6200', '添加部门', '', 'admin:sys:dep:add', 'BUTTON', 'layui-icon-xxx', 'INNER', '4', '2019-09-02 00:34:38', NULL, '1', NULL);
INSERT INTO `tb_sys_menu` (`id`, `parent_id`, `name`, `url`, `perms`, `type`, `icon`, `inner_type`, `order_num`, `when_created`, `when_modified`, `who_created`, `who_modified`) VALUES ('6202', '6200', '修改部门', '', 'admin:sys:dep:edit', 'BUTTON', 'layui-icon-xxx', 'INNER', '5', '2019-09-02 00:34:38', NULL, '1', NULL);
INSERT INTO `tb_sys_menu` (`id`, `parent_id`, `name`, `url`, `perms`, `type`, `icon`, `inner_type`, `order_num`, `when_created`, `when_modified`, `who_created`, `who_modified`) VALUES ('6203', '6200', '删除部门', '', 'admin:sys:dep:delete', 'BUTTON', 'layui-icon-xxx', 'INNER', '6', '2019-09-02 00:34:37', NULL, '1', NULL);
INSERT INTO `tb_sys_menu` (`id`, `parent_id`, `name`, `url`, `perms`, `type`, `icon`, `inner_type`, `order_num`, `when_created`, `when_modified`, `who_created`, `who_modified`) VALUES ('6300', '6000', '常用联系人', 'admin/contacts/toList', 'admin:contacts:toList', 'SECOND_MENU', 'layui-icon icon-lianxiren', 'INNER', '1', '2019-09-05 11:36:12', NULL, '1', NULL);
INSERT INTO `tb_sys_menu` (`id`, `parent_id`, `name`, `url`, `perms`, `type`, `icon`, `inner_type`, `order_num`, `when_created`, `when_modified`, `who_created`, `who_modified`) VALUES ('6301', '6300', '常用联系人添加', 'admin/contacts/add', 'admin:contacts:add', 'BUTTON', NULL, 'INNER', '1', '2019-09-17 17:09:37', NULL, '1', NULL);
INSERT INTO `tb_sys_menu` (`id`, `parent_id`, `name`, `url`, `perms`, `type`, `icon`, `inner_type`, `order_num`, `when_created`, `when_modified`, `who_created`, `who_modified`) VALUES ('6302', '6300', '常用联系人删除', 'admin/contacts/delete', 'admin:contacts:delete', 'BUTTON', NULL, 'INNER', '1', '2019-09-17 16:20:47', NULL, '1', NULL);
INSERT INTO `tb_sys_menu` (`id`, `parent_id`, `name`, `url`, `perms`, `type`, `icon`, `inner_type`, `order_num`, `when_created`, `when_modified`, `who_created`, `who_modified`) VALUES ('6303', '6300', '常用联系人编辑', 'admin/contacts/update', 'admin:contacts:update', 'BUTTON', NULL, 'INNER', '1', '2019-09-17 16:23:38', NULL, '1', NULL);
INSERT INTO `tb_sys_menu` (`id`, `parent_id`, `name`, `url`, `perms`, `type`, `icon`, `inner_type`, `order_num`, `when_created`, `when_modified`, `who_created`, `who_modified`) VALUES ('6304', '6300', '常用联系人新增查询法官弹窗', 'admin/contacts/toSelectJudgeList', 'admin:contacts:selectJudgeList', 'BUTTON', NULL, 'INNER', '1', '2019-09-17 17:09:37', NULL, '1', NULL);
INSERT INTO `tb_sys_menu` (`id`, `parent_id`, `name`, `url`, `perms`, `type`, `icon`, `inner_type`, `order_num`, `when_created`, `when_modified`, `who_created`, `who_modified`) VALUES ('6305', '6300', '常用联系人新增查询内部人员弹窗', 'admin/contacts/selectContactsList', 'admin:contacts:selectContactsList', 'BUTTON', NULL, 'INNER', '1', '2019-09-17 16:20:47', NULL, '1', NULL);
INSERT INTO `tb_sys_menu` (`id`, `parent_id`, `name`, `url`, `perms`, `type`, `icon`, `inner_type`, `order_num`, `when_created`, `when_modified`, `who_created`, `who_modified`) VALUES ('7000', '0', '系统设置', 'admin/sysuser', 'admin:sys:index', 'TOP_MENU', 'layui-icon-set', 'INNER', '7', '2019-09-03 18:33:16', NULL, '1', NULL);
INSERT INTO `tb_sys_menu` (`id`, `parent_id`, `name`, `url`, `perms`, `type`, `icon`, `inner_type`, `order_num`, `when_created`, `when_modified`, `who_created`, `who_modified`) VALUES ('7100', '7000', '账户管理', 'admin/sysuser/toList', 'admin:sys:user:toList', 'SECOND_MENU', 'layui-icon icon-renyuan', 'INNER', '1', '2019-09-02 00:34:35', '2019-09-01 15:49:45', '1', '1');
INSERT INTO `tb_sys_menu` (`id`, `parent_id`, `name`, `url`, `perms`, `type`, `icon`, `inner_type`, `order_num`, `when_created`, `when_modified`, `who_created`, `who_modified`) VALUES ('7101', '7100', '列表查询', 'admin/sysuser/list', 'admin:sys:user:list', 'BUTTON', 'layui-icon-xxx', 'INNER', '1', '2019-09-02 00:34:36', '2019-09-01 15:50:02', '1', '1');
INSERT INTO `tb_sys_menu` (`id`, `parent_id`, `name`, `url`, `perms`, `type`, `icon`, `inner_type`, `order_num`, `when_created`, `when_modified`, `who_created`, `who_modified`) VALUES ('7102', '7100', '编辑界面入口', 'admin/sysuser/toEdite', 'admin:sys:user:toEdite', 'BUTTON', 'layui-icon-xxx', 'INNER', '2', '2019-09-02 00:34:36', NULL, '1', NULL);
INSERT INTO `tb_sys_menu` (`id`, `parent_id`, `name`, `url`, `perms`, `type`, `icon`, `inner_type`, `order_num`, `when_created`, `when_modified`, `who_created`, `who_modified`) VALUES ('7103', '7100', '编辑保存', 'admin/sysuser/edite', 'admin:sys:user:edite', 'BUTTON', 'layui-icon-xxx', 'INNER', '3', '2019-09-02 00:34:43', '2019-09-01 15:50:58', '1', '1');
INSERT INTO `tb_sys_menu` (`id`, `parent_id`, `name`, `url`, `perms`, `type`, `icon`, `inner_type`, `order_num`, `when_created`, `when_modified`, `who_created`, `who_modified`) VALUES ('7104', '7100', '新增界面入口', 'admin/sysuser/toAdd', 'admin:sys:user:toAdd', 'BUTTON', 'layui-icon-xxx', 'INNER', '4', '2019-09-02 00:34:43', NULL, '1', NULL);
INSERT INTO `tb_sys_menu` (`id`, `parent_id`, `name`, `url`, `perms`, `type`, `icon`, `inner_type`, `order_num`, `when_created`, `when_modified`, `who_created`, `who_modified`) VALUES ('7105', '7100', '新增保存', 'admin/sysuser/add', 'admin:sys:user:add', 'BUTTON', 'layui-icon-xxx', 'INNER', '5', '2019-09-02 00:34:44', NULL, '1', NULL);
INSERT INTO `tb_sys_menu` (`id`, `parent_id`, `name`, `url`, `perms`, `type`, `icon`, `inner_type`, `order_num`, `when_created`, `when_modified`, `who_created`, `who_modified`) VALUES ('7106', '7100', '删除单条', 'admin/sysuser/delete', 'admin:sys:user:delete', 'BUTTON', 'layui-icon-xxx', 'INNER', '6', '2019-09-02 00:34:44', NULL, '1', NULL);
INSERT INTO `tb_sys_menu` (`id`, `parent_id`, `name`, `url`, `perms`, `type`, `icon`, `inner_type`, `order_num`, `when_created`, `when_modified`, `who_created`, `who_modified`) VALUES ('7107', '7100', '批量删除', 'admin/sysuser/delete/batch', 'admin:sys:user:delete:batch', 'BUTTON', 'layui-icon-xxx', 'INNER', '7', '2019-09-02 00:34:44', NULL, '1', NULL);
INSERT INTO `tb_sys_menu` (`id`, `parent_id`, `name`, `url`, `perms`, `type`, `icon`, `inner_type`, `order_num`, `when_created`, `when_modified`, `who_created`, `who_modified`) VALUES ('7108', '7100', '赋权界面', 'admin/sysuser/toGrant', 'admin:sys:user:toGrant', 'BUTTON', 'layui-icon-xxx', 'INNER', '8', '2019-09-02 00:34:44', NULL, '1', NULL);
INSERT INTO `tb_sys_menu` (`id`, `parent_id`, `name`, `url`, `perms`, `type`, `icon`, `inner_type`, `order_num`, `when_created`, `when_modified`, `who_created`, `who_modified`) VALUES ('7109', '7100', '保存赋权', 'admin/sysuser/grant', 'admin:sys:user:grant', 'BUTTON', 'layui-icon-xxx', 'INNER', '9', '2019-09-02 00:34:44', NULL, '1', NULL);
INSERT INTO `tb_sys_menu` (`id`, `parent_id`, `name`, `url`, `perms`, `type`, `icon`, `inner_type`, `order_num`, `when_created`, `when_modified`, `who_created`, `who_modified`) VALUES ('7200', '7000', '角色管理', 'admin/role/toList', 'admin:sys:role:toList', 'SECOND_MENU', 'layui-icon icon-juese', 'INNER', '2', '2019-09-02 00:34:35', '2019-09-01 15:55:07', '1', '1');
INSERT INTO `tb_sys_menu` (`id`, `parent_id`, `name`, `url`, `perms`, `type`, `icon`, `inner_type`, `order_num`, `when_created`, `when_modified`, `who_created`, `who_modified`) VALUES ('7201', '7200', '列表查询', 'admin/role/list', 'admin:sys:role:list', 'BUTTON', 'layui-icon-xxx', 'INNER', '1', '2019-09-02 00:34:45', NULL, '1', NULL);
INSERT INTO `tb_sys_menu` (`id`, `parent_id`, `name`, `url`, `perms`, `type`, `icon`, `inner_type`, `order_num`, `when_created`, `when_modified`, `who_created`, `who_modified`) VALUES ('7202', '7200', '编辑界面入口', 'admin/role/toEdite', 'admin:sys:role:toEdite', 'BUTTON', 'layui-icon-xxx', 'INNER', '2', '2019-09-02 00:34:45', NULL, '1', NULL);
INSERT INTO `tb_sys_menu` (`id`, `parent_id`, `name`, `url`, `perms`, `type`, `icon`, `inner_type`, `order_num`, `when_created`, `when_modified`, `who_created`, `who_modified`) VALUES ('7203', '7200', '编辑保存', 'admin/role/edite', 'admin:sys:role:edite', 'BUTTON', 'layui-icon-xxx', 'INNER', '3', '2019-09-02 00:34:46', NULL, '1', NULL);
INSERT INTO `tb_sys_menu` (`id`, `parent_id`, `name`, `url`, `perms`, `type`, `icon`, `inner_type`, `order_num`, `when_created`, `when_modified`, `who_created`, `who_modified`) VALUES ('7204', '7200', '新增界面入口', 'admin/role/toAdd', 'admin:sys:role:toAdd', 'BUTTON', 'layui-icon-xxx', 'INNER', '4', '2019-09-02 00:34:41', NULL, '1', NULL);
INSERT INTO `tb_sys_menu` (`id`, `parent_id`, `name`, `url`, `perms`, `type`, `icon`, `inner_type`, `order_num`, `when_created`, `when_modified`, `who_created`, `who_modified`) VALUES ('7205', '7200', '新增保存', 'admin/role/add', 'admin:sys:role:add', 'BUTTON', 'layui-icon-xxx', 'INNER', '5', '2019-09-02 00:34:41', NULL, '1', NULL);
INSERT INTO `tb_sys_menu` (`id`, `parent_id`, `name`, `url`, `perms`, `type`, `icon`, `inner_type`, `order_num`, `when_created`, `when_modified`, `who_created`, `who_modified`) VALUES ('7206', '7200', '删除单条', 'admin/role/delete', 'admin:sys:role:delete', 'BUTTON', 'layui-icon-xxx', 'INNER', '6', '2019-09-02 00:34:40', NULL, '1', NULL);
INSERT INTO `tb_sys_menu` (`id`, `parent_id`, `name`, `url`, `perms`, `type`, `icon`, `inner_type`, `order_num`, `when_created`, `when_modified`, `who_created`, `who_modified`) VALUES ('7207', '7200', '批量删除', 'admin/role/delete/batch', 'admin:sys:role:delete:batch', 'BUTTON', 'layui-icon-xxx', 'INNER', '7', '2019-09-02 00:34:40', NULL, '1', NULL);
INSERT INTO `tb_sys_menu` (`id`, `parent_id`, `name`, `url`, `perms`, `type`, `icon`, `inner_type`, `order_num`, `when_created`, `when_modified`, `who_created`, `who_modified`) VALUES ('7208', '7200', '编辑角色菜单', 'admin/role/edite/choose', 'admin:sys:role:edite:choose', 'BUTTON', 'layui-icon-xxx', 'INNER', '8', '2019-09-03 17:46:42', NULL, '1', NULL);
INSERT INTO `tb_sys_menu` (`id`, `parent_id`, `name`, `url`, `perms`, `type`, `icon`, `inner_type`, `order_num`, `when_created`, `when_modified`, `who_created`, `who_modified`) VALUES ('7300', '7000', '菜单管理', 'admin/menu/toList', 'admin:sys:menu:toList', 'SECOND_MENU', 'layui-icon icon-caidan', 'INNER', '3', '2019-09-03 17:46:30', '2019-09-01 15:59:44', '1', '1');
INSERT INTO `tb_sys_menu` (`id`, `parent_id`, `name`, `url`, `perms`, `type`, `icon`, `inner_type`, `order_num`, `when_created`, `when_modified`, `who_created`, `who_modified`) VALUES ('7301', '7300', '列表查询', 'admin/menu/list', 'admin:sys:menu:list', 'BUTTON', 'layui-icon-xxx', 'INNER', '1', '2019-09-02 00:34:39', NULL, '1', NULL);
INSERT INTO `tb_sys_menu` (`id`, `parent_id`, `name`, `url`, `perms`, `type`, `icon`, `inner_type`, `order_num`, `when_created`, `when_modified`, `who_created`, `who_modified`) VALUES ('7302', '7300', '编辑界面入口', 'admin/menu/toEdite', 'admin:sys:menu:toEdite', 'BUTTON', 'layui-icon-xxx', 'INNER', '2', '2019-09-02 00:34:39', NULL, '1', NULL);
INSERT INTO `tb_sys_menu` (`id`, `parent_id`, `name`, `url`, `perms`, `type`, `icon`, `inner_type`, `order_num`, `when_created`, `when_modified`, `who_created`, `who_modified`) VALUES ('7303', '7300', '编辑保存', 'admin/menu/edite', 'admin:sys:menu:edite', 'BUTTON', 'layui-icon-xxx', 'INNER', '3', '2019-09-02 00:34:39', NULL, '1', NULL);
INSERT INTO `tb_sys_menu` (`id`, `parent_id`, `name`, `url`, `perms`, `type`, `icon`, `inner_type`, `order_num`, `when_created`, `when_modified`, `who_created`, `who_modified`) VALUES ('7304', '7300', '新增界面入口', 'admin/menu/toAdd', 'admin:sys:menu:toAdd', 'BUTTON', 'layui-icon-xxx', 'INNER', '4', '2019-09-02 00:34:38', NULL, '1', NULL);
INSERT INTO `tb_sys_menu` (`id`, `parent_id`, `name`, `url`, `perms`, `type`, `icon`, `inner_type`, `order_num`, `when_created`, `when_modified`, `who_created`, `who_modified`) VALUES ('7305', '7300', '新增保存', 'admin/menu/add', 'admin:sys:menu:add', 'BUTTON', 'layui-icon-xxx', 'INNER', '5', '2019-09-02 00:34:38', NULL, '1', NULL);
INSERT INTO `tb_sys_menu` (`id`, `parent_id`, `name`, `url`, `perms`, `type`, `icon`, `inner_type`, `order_num`, `when_created`, `when_modified`, `who_created`, `who_modified`) VALUES ('7306', '7300', '删除单条', 'admin/menu/delete', 'admin:sys:menu:delete', 'BUTTON', 'layui-icon-xxx', 'INNER', '6', '2019-09-02 00:34:37', NULL, '1', NULL);
INSERT INTO `tb_sys_menu` (`id`, `parent_id`, `name`, `url`, `perms`, `type`, `icon`, `inner_type`, `order_num`, `when_created`, `when_modified`, `who_created`, `who_modified`) VALUES ('7400', '7000', '参数配置', 'admin/sys/config/toConfigView', 'admin:sys:config:toConfigView', 'SECOND_MENU', 'layui-icon icon-canshu', 'INNER', '4', '2019-09-03 17:46:30', '2019-09-01 15:59:44', '1', '1');
INSERT INTO `tb_sys_menu` (`id`, `parent_id`, `name`, `url`, `perms`, `type`, `icon`, `inner_type`, `order_num`, `when_created`, `when_modified`, `who_created`, `who_modified`) VALUES ('7401', '7400', '修改系统配置信息', '', 'admin:sys:config:edit', 'BUTTON', 'layui-icon-xxx', 'INNER', '6', '2019-09-02 00:34:37', NULL, '1', NULL);
INSERT INTO `tb_sys_menu` (`id`, `parent_id`, `name`, `url`, `perms`, `type`, `icon`, `inner_type`, `order_num`, `when_created`, `when_modified`, `who_created`, `who_modified`) VALUES ('7500', '7000', '系统日志', 'sys-log-entity/toList', 'admin:syslog:list', 'SECOND_MENU', 'layui-icon icon-rizhi', 'INNER', '5', '2019-09-03 17:46:30', '2019-09-01 15:59:44', '1', '1');



-- ----------------------------
-- Records of tb_sys_role
-- ----------------------------
delete from tb_sys_role;
INSERT INTO `tb_sys_role` VALUES ('1', '内置超级管理员', 'INNER', '内置超级管理员不可操作删除', '2019-09-02 00:35:06', '2019-09-01 16:07:09', '1', '1'),
('2', '法官', 'INNER', '内置法官不可操作删除', '2019-09-02 00:35:06', '2019-09-01 16:07:09', '1', '1'),
('3', '送达人', 'INNER', '内置送达人不可操作删除', '2019-09-02 00:35:06', '2019-09-01 16:07:09', '1', '1');


-- ----------------------------
-- Records of tb_sys_role_menu
-- ----------------------------
TRUNCATE TABLE tb_sys_role_menu;
INSERT INTO `tb_sys_role_menu` (`id`, `role_id`, `menu_id`, `when_created`, `when_modified`, `who_created`, `who_modified`) VALUES ('1', '1', '1000', '2019-11-11 15:39:38', NULL, '1', NULL);
INSERT INTO `tb_sys_role_menu` (`id`, `role_id`, `menu_id`, `when_created`, `when_modified`, `who_created`, `who_modified`) VALUES ('2', '1', '1001', '2019-11-11 15:39:38', NULL, '1', NULL);
INSERT INTO `tb_sys_role_menu` (`id`, `role_id`, `menu_id`, `when_created`, `when_modified`, `who_created`, `who_modified`) VALUES ('3', '1', '1002', '2019-11-11 15:39:38', NULL, '1', NULL);
INSERT INTO `tb_sys_role_menu` (`id`, `role_id`, `menu_id`, `when_created`, `when_modified`, `who_created`, `who_modified`) VALUES ('4', '1', '1003', '2019-11-11 15:39:38', NULL, '1', NULL);
INSERT INTO `tb_sys_role_menu` (`id`, `role_id`, `menu_id`, `when_created`, `when_modified`, `who_created`, `who_modified`) VALUES ('5', '1', '1004', '2019-11-11 15:39:38', NULL, '1', NULL);
INSERT INTO `tb_sys_role_menu` (`id`, `role_id`, `menu_id`, `when_created`, `when_modified`, `who_created`, `who_modified`) VALUES ('6', '1', '1005', '2019-11-11 15:39:38', NULL, '1', NULL);
INSERT INTO `tb_sys_role_menu` (`id`, `role_id`, `menu_id`, `when_created`, `when_modified`, `who_created`, `who_modified`) VALUES ('7', '1', '2000', '2019-11-11 15:39:38', NULL, '1', NULL);
INSERT INTO `tb_sys_role_menu` (`id`, `role_id`, `menu_id`, `when_created`, `when_modified`, `who_created`, `who_modified`) VALUES ('8', '1', '2200', '2019-11-11 15:39:38', NULL, '1', NULL);
INSERT INTO `tb_sys_role_menu` (`id`, `role_id`, `menu_id`, `when_created`, `when_modified`, `who_created`, `who_modified`) VALUES ('9', '1', '2300', '2019-11-11 15:39:38', NULL, '1', NULL);
INSERT INTO `tb_sys_role_menu` (`id`, `role_id`, `menu_id`, `when_created`, `when_modified`, `who_created`, `who_modified`) VALUES ('10', '1', '2400', '2019-11-11 15:39:38', NULL, '1', NULL);
INSERT INTO `tb_sys_role_menu` (`id`, `role_id`, `menu_id`, `when_created`, `when_modified`, `who_created`, `who_modified`) VALUES ('11', '1', '2500', '2019-11-11 15:39:38', NULL, '1', NULL);
INSERT INTO `tb_sys_role_menu` (`id`, `role_id`, `menu_id`, `when_created`, `when_modified`, `who_created`, `who_modified`) VALUES ('12', '1', '2700', '2019-11-11 15:39:38', NULL, '1', NULL);
INSERT INTO `tb_sys_role_menu` (`id`, `role_id`, `menu_id`, `when_created`, `when_modified`, `who_created`, `who_modified`) VALUES ('13', '1', '2701', '2019-11-11 15:39:38', NULL, '1', NULL);
INSERT INTO `tb_sys_role_menu` (`id`, `role_id`, `menu_id`, `when_created`, `when_modified`, `who_created`, `who_modified`) VALUES ('14', '1', '2702', '2019-11-11 15:39:38', NULL, '1', NULL);
INSERT INTO `tb_sys_role_menu` (`id`, `role_id`, `menu_id`, `when_created`, `when_modified`, `who_created`, `who_modified`) VALUES ('15', '1', '2703', '2019-11-11 15:39:38', NULL, '1', NULL);
INSERT INTO `tb_sys_role_menu` (`id`, `role_id`, `menu_id`, `when_created`, `when_modified`, `who_created`, `who_modified`) VALUES ('16', '1', '3000', '2019-11-11 15:39:38', NULL, '1', NULL);
INSERT INTO `tb_sys_role_menu` (`id`, `role_id`, `menu_id`, `when_created`, `when_modified`, `who_created`, `who_modified`) VALUES ('17', '1', '3100', '2019-11-11 15:39:38', NULL, '1', NULL);
INSERT INTO `tb_sys_role_menu` (`id`, `role_id`, `menu_id`, `when_created`, `when_modified`, `who_created`, `who_modified`) VALUES ('18', '1', '3200', '2019-11-11 15:39:38', NULL, '1', NULL);
INSERT INTO `tb_sys_role_menu` (`id`, `role_id`, `menu_id`, `when_created`, `when_modified`, `who_created`, `who_modified`) VALUES ('19', '1', '3300', '2019-11-11 15:39:38', NULL, '1', NULL);
INSERT INTO `tb_sys_role_menu` (`id`, `role_id`, `menu_id`, `when_created`, `when_modified`, `who_created`, `who_modified`) VALUES ('20', '1', '3400', '2019-11-11 15:39:38', NULL, '1', NULL);
INSERT INTO `tb_sys_role_menu` (`id`, `role_id`, `menu_id`, `when_created`, `when_modified`, `who_created`, `who_modified`) VALUES ('21', '1', '4000', '2019-11-11 15:39:38', NULL, '1', NULL);
INSERT INTO `tb_sys_role_menu` (`id`, `role_id`, `menu_id`, `when_created`, `when_modified`, `who_created`, `who_modified`) VALUES ('22', '1', '4100', '2019-11-11 15:39:38', NULL, '1', NULL);
INSERT INTO `tb_sys_role_menu` (`id`, `role_id`, `menu_id`, `when_created`, `when_modified`, `who_created`, `who_modified`) VALUES ('23', '1', '4101', '2019-11-11 15:39:38', NULL, '1', NULL);
INSERT INTO `tb_sys_role_menu` (`id`, `role_id`, `menu_id`, `when_created`, `when_modified`, `who_created`, `who_modified`) VALUES ('24', '1', '4102', '2019-11-11 15:39:38', NULL, '1', NULL);
INSERT INTO `tb_sys_role_menu` (`id`, `role_id`, `menu_id`, `when_created`, `when_modified`, `who_created`, `who_modified`) VALUES ('25', '1', '4103', '2019-11-11 15:39:38', NULL, '1', NULL);
INSERT INTO `tb_sys_role_menu` (`id`, `role_id`, `menu_id`, `when_created`, `when_modified`, `who_created`, `who_modified`) VALUES ('26', '1', '4200', '2019-11-11 15:39:38', NULL, '1', NULL);
INSERT INTO `tb_sys_role_menu` (`id`, `role_id`, `menu_id`, `when_created`, `when_modified`, `who_created`, `who_modified`) VALUES ('27', '1', '4201', '2019-11-11 15:39:38', NULL, '1', NULL);
INSERT INTO `tb_sys_role_menu` (`id`, `role_id`, `menu_id`, `when_created`, `when_modified`, `who_created`, `who_modified`) VALUES ('28', '1', '4202', '2019-11-11 15:39:38', NULL, '1', NULL);
INSERT INTO `tb_sys_role_menu` (`id`, `role_id`, `menu_id`, `when_created`, `when_modified`, `who_created`, `who_modified`) VALUES ('29', '1', '4203', '2019-11-11 15:39:38', NULL, '1', NULL);
INSERT INTO `tb_sys_role_menu` (`id`, `role_id`, `menu_id`, `when_created`, `when_modified`, `who_created`, `who_modified`) VALUES ('30', '1', '5000', '2019-11-11 15:39:38', NULL, '1', NULL);
INSERT INTO `tb_sys_role_menu` (`id`, `role_id`, `menu_id`, `when_created`, `when_modified`, `who_created`, `who_modified`) VALUES ('31', '1', '5100', '2019-11-11 15:39:38', NULL, '1', NULL);
INSERT INTO `tb_sys_role_menu` (`id`, `role_id`, `menu_id`, `when_created`, `when_modified`, `who_created`, `who_modified`) VALUES ('32', '1', '5101', '2019-11-11 15:39:38', NULL, '1', NULL);
INSERT INTO `tb_sys_role_menu` (`id`, `role_id`, `menu_id`, `when_created`, `when_modified`, `who_created`, `who_modified`) VALUES ('33', '1', '5102', '2019-11-11 15:39:38', NULL, '1', NULL);
INSERT INTO `tb_sys_role_menu` (`id`, `role_id`, `menu_id`, `when_created`, `when_modified`, `who_created`, `who_modified`) VALUES ('34', '1', '5103', '2019-11-11 15:39:38', NULL, '1', NULL);
INSERT INTO `tb_sys_role_menu` (`id`, `role_id`, `menu_id`, `when_created`, `when_modified`, `who_created`, `who_modified`) VALUES ('35', '1', '5104', '2019-11-11 15:39:38', NULL, '1', NULL);
INSERT INTO `tb_sys_role_menu` (`id`, `role_id`, `menu_id`, `when_created`, `when_modified`, `who_created`, `who_modified`) VALUES ('36', '1', '5105', '2019-11-11 15:39:38', NULL, '1', NULL);
INSERT INTO `tb_sys_role_menu` (`id`, `role_id`, `menu_id`, `when_created`, `when_modified`, `who_created`, `who_modified`) VALUES ('37', '1', '5106', '2019-11-11 15:39:38', NULL, '1', NULL);
INSERT INTO `tb_sys_role_menu` (`id`, `role_id`, `menu_id`, `when_created`, `when_modified`, `who_created`, `who_modified`) VALUES ('38', '1', '5107', '2019-11-11 15:39:38', NULL, '1', NULL);
INSERT INTO `tb_sys_role_menu` (`id`, `role_id`, `menu_id`, `when_created`, `when_modified`, `who_created`, `who_modified`) VALUES ('39', '1', '6000', '2019-11-11 15:39:38', NULL, '1', NULL);
INSERT INTO `tb_sys_role_menu` (`id`, `role_id`, `menu_id`, `when_created`, `when_modified`, `who_created`, `who_modified`) VALUES ('40', '1', '6100', '2019-11-11 15:39:38', NULL, '1', NULL);
INSERT INTO `tb_sys_role_menu` (`id`, `role_id`, `menu_id`, `when_created`, `when_modified`, `who_created`, `who_modified`) VALUES ('41', '1', '6101', '2019-11-11 15:39:38', NULL, '1', NULL);
INSERT INTO `tb_sys_role_menu` (`id`, `role_id`, `menu_id`, `when_created`, `when_modified`, `who_created`, `who_modified`) VALUES ('42', '1', '6102', '2019-11-11 15:39:38', NULL, '1', NULL);
INSERT INTO `tb_sys_role_menu` (`id`, `role_id`, `menu_id`, `when_created`, `when_modified`, `who_created`, `who_modified`) VALUES ('43', '1', '6103', '2019-11-11 15:39:38', NULL, '1', NULL);
INSERT INTO `tb_sys_role_menu` (`id`, `role_id`, `menu_id`, `when_created`, `when_modified`, `who_created`, `who_modified`) VALUES ('44', '1', '6200', '2019-11-11 15:39:38', NULL, '1', NULL);
INSERT INTO `tb_sys_role_menu` (`id`, `role_id`, `menu_id`, `when_created`, `when_modified`, `who_created`, `who_modified`) VALUES ('45', '1', '6201', '2019-11-11 15:39:38', NULL, '1', NULL);
INSERT INTO `tb_sys_role_menu` (`id`, `role_id`, `menu_id`, `when_created`, `when_modified`, `who_created`, `who_modified`) VALUES ('46', '1', '6202', '2019-11-11 15:39:38', NULL, '1', NULL);
INSERT INTO `tb_sys_role_menu` (`id`, `role_id`, `menu_id`, `when_created`, `when_modified`, `who_created`, `who_modified`) VALUES ('47', '1', '6203', '2019-11-11 15:39:38', NULL, '1', NULL);
INSERT INTO `tb_sys_role_menu` (`id`, `role_id`, `menu_id`, `when_created`, `when_modified`, `who_created`, `who_modified`) VALUES ('48', '1', '6300', '2019-11-11 15:39:38', NULL, '1', NULL);
INSERT INTO `tb_sys_role_menu` (`id`, `role_id`, `menu_id`, `when_created`, `when_modified`, `who_created`, `who_modified`) VALUES ('49', '1', '6301', '2019-11-11 15:39:38', NULL, '1', NULL);
INSERT INTO `tb_sys_role_menu` (`id`, `role_id`, `menu_id`, `when_created`, `when_modified`, `who_created`, `who_modified`) VALUES ('50', '1', '6302', '2019-11-11 15:39:38', NULL, '1', NULL);
INSERT INTO `tb_sys_role_menu` (`id`, `role_id`, `menu_id`, `when_created`, `when_modified`, `who_created`, `who_modified`) VALUES ('51', '1', '6303', '2019-11-11 15:39:38', NULL, '1', NULL);
INSERT INTO `tb_sys_role_menu` (`id`, `role_id`, `menu_id`, `when_created`, `when_modified`, `who_created`, `who_modified`) VALUES ('52', '1', '6304', '2019-11-11 15:39:38', NULL, '1', NULL);
INSERT INTO `tb_sys_role_menu` (`id`, `role_id`, `menu_id`, `when_created`, `when_modified`, `who_created`, `who_modified`) VALUES ('53', '1', '6305', '2019-11-11 15:39:38', NULL, '1', NULL);
INSERT INTO `tb_sys_role_menu` (`id`, `role_id`, `menu_id`, `when_created`, `when_modified`, `who_created`, `who_modified`) VALUES ('54', '1', '7000', '2019-11-11 15:39:38', NULL, '1', NULL);
INSERT INTO `tb_sys_role_menu` (`id`, `role_id`, `menu_id`, `when_created`, `when_modified`, `who_created`, `who_modified`) VALUES ('55', '1', '7100', '2019-11-11 15:39:38', NULL, '1', NULL);
INSERT INTO `tb_sys_role_menu` (`id`, `role_id`, `menu_id`, `when_created`, `when_modified`, `who_created`, `who_modified`) VALUES ('56', '1', '7101', '2019-11-11 15:39:38', NULL, '1', NULL);
INSERT INTO `tb_sys_role_menu` (`id`, `role_id`, `menu_id`, `when_created`, `when_modified`, `who_created`, `who_modified`) VALUES ('57', '1', '7102', '2019-11-11 15:39:38', NULL, '1', NULL);
INSERT INTO `tb_sys_role_menu` (`id`, `role_id`, `menu_id`, `when_created`, `when_modified`, `who_created`, `who_modified`) VALUES ('58', '1', '7103', '2019-11-11 15:39:38', NULL, '1', NULL);
INSERT INTO `tb_sys_role_menu` (`id`, `role_id`, `menu_id`, `when_created`, `when_modified`, `who_created`, `who_modified`) VALUES ('59', '1', '7104', '2019-11-11 15:39:38', NULL, '1', NULL);
INSERT INTO `tb_sys_role_menu` (`id`, `role_id`, `menu_id`, `when_created`, `when_modified`, `who_created`, `who_modified`) VALUES ('60', '1', '7105', '2019-11-11 15:39:38', NULL, '1', NULL);
INSERT INTO `tb_sys_role_menu` (`id`, `role_id`, `menu_id`, `when_created`, `when_modified`, `who_created`, `who_modified`) VALUES ('61', '1', '7106', '2019-11-11 15:39:38', NULL, '1', NULL);
INSERT INTO `tb_sys_role_menu` (`id`, `role_id`, `menu_id`, `when_created`, `when_modified`, `who_created`, `who_modified`) VALUES ('62', '1', '7107', '2019-11-11 15:39:38', NULL, '1', NULL);
INSERT INTO `tb_sys_role_menu` (`id`, `role_id`, `menu_id`, `when_created`, `when_modified`, `who_created`, `who_modified`) VALUES ('63', '1', '7108', '2019-11-11 15:39:38', NULL, '1', NULL);
INSERT INTO `tb_sys_role_menu` (`id`, `role_id`, `menu_id`, `when_created`, `when_modified`, `who_created`, `who_modified`) VALUES ('64', '1', '7109', '2019-11-11 15:39:38', NULL, '1', NULL);
INSERT INTO `tb_sys_role_menu` (`id`, `role_id`, `menu_id`, `when_created`, `when_modified`, `who_created`, `who_modified`) VALUES ('65', '1', '7200', '2019-11-11 15:39:38', NULL, '1', NULL);
INSERT INTO `tb_sys_role_menu` (`id`, `role_id`, `menu_id`, `when_created`, `when_modified`, `who_created`, `who_modified`) VALUES ('66', '1', '7201', '2019-11-11 15:39:38', NULL, '1', NULL);
INSERT INTO `tb_sys_role_menu` (`id`, `role_id`, `menu_id`, `when_created`, `when_modified`, `who_created`, `who_modified`) VALUES ('67', '1', '7202', '2019-11-11 15:39:38', NULL, '1', NULL);
INSERT INTO `tb_sys_role_menu` (`id`, `role_id`, `menu_id`, `when_created`, `when_modified`, `who_created`, `who_modified`) VALUES ('68', '1', '7203', '2019-11-11 15:39:38', NULL, '1', NULL);
INSERT INTO `tb_sys_role_menu` (`id`, `role_id`, `menu_id`, `when_created`, `when_modified`, `who_created`, `who_modified`) VALUES ('69', '1', '7204', '2019-11-11 15:39:38', NULL, '1', NULL);
INSERT INTO `tb_sys_role_menu` (`id`, `role_id`, `menu_id`, `when_created`, `when_modified`, `who_created`, `who_modified`) VALUES ('70', '1', '7205', '2019-11-11 15:39:38', NULL, '1', NULL);
INSERT INTO `tb_sys_role_menu` (`id`, `role_id`, `menu_id`, `when_created`, `when_modified`, `who_created`, `who_modified`) VALUES ('71', '1', '7206', '2019-11-11 15:39:38', NULL, '1', NULL);
INSERT INTO `tb_sys_role_menu` (`id`, `role_id`, `menu_id`, `when_created`, `when_modified`, `who_created`, `who_modified`) VALUES ('72', '1', '7207', '2019-11-11 15:39:38', NULL, '1', NULL);
INSERT INTO `tb_sys_role_menu` (`id`, `role_id`, `menu_id`, `when_created`, `when_modified`, `who_created`, `who_modified`) VALUES ('73', '1', '7208', '2019-11-11 15:39:38', NULL, '1', NULL);
INSERT INTO `tb_sys_role_menu` (`id`, `role_id`, `menu_id`, `when_created`, `when_modified`, `who_created`, `who_modified`) VALUES ('74', '1', '7300', '2019-11-11 15:39:38', NULL, '1', NULL);
INSERT INTO `tb_sys_role_menu` (`id`, `role_id`, `menu_id`, `when_created`, `when_modified`, `who_created`, `who_modified`) VALUES ('75', '1', '7301', '2019-11-11 15:39:38', NULL, '1', NULL);
INSERT INTO `tb_sys_role_menu` (`id`, `role_id`, `menu_id`, `when_created`, `when_modified`, `who_created`, `who_modified`) VALUES ('76', '1', '7302', '2019-11-11 15:39:38', NULL, '1', NULL);
INSERT INTO `tb_sys_role_menu` (`id`, `role_id`, `menu_id`, `when_created`, `when_modified`, `who_created`, `who_modified`) VALUES ('77', '1', '7303', '2019-11-11 15:39:38', NULL, '1', NULL);
INSERT INTO `tb_sys_role_menu` (`id`, `role_id`, `menu_id`, `when_created`, `when_modified`, `who_created`, `who_modified`) VALUES ('78', '1', '7304', '2019-11-11 15:39:38', NULL, '1', NULL);
INSERT INTO `tb_sys_role_menu` (`id`, `role_id`, `menu_id`, `when_created`, `when_modified`, `who_created`, `who_modified`) VALUES ('79', '1', '7305', '2019-11-11 15:39:38', NULL, '1', NULL);
INSERT INTO `tb_sys_role_menu` (`id`, `role_id`, `menu_id`, `when_created`, `when_modified`, `who_created`, `who_modified`) VALUES ('80', '1', '7306', '2019-11-11 15:39:38', NULL, '1', NULL);
INSERT INTO `tb_sys_role_menu` (`id`, `role_id`, `menu_id`, `when_created`, `when_modified`, `who_created`, `who_modified`) VALUES ('81', '1', '7400', '2019-11-11 15:39:38', NULL, '1', NULL);
INSERT INTO `tb_sys_role_menu` (`id`, `role_id`, `menu_id`, `when_created`, `when_modified`, `who_created`, `who_modified`) VALUES ('82', '1', '7401', '2019-11-11 15:39:38', NULL, '1', NULL);
INSERT INTO `tb_sys_role_menu` (`id`, `role_id`, `menu_id`, `when_created`, `when_modified`, `who_created`, `who_modified`) VALUES ('83', '1', '7500', '2019-11-11 15:39:38', NULL, '1', NULL);
INSERT INTO `tb_sys_role_menu` (`id`, `role_id`, `menu_id`, `when_created`, `when_modified`, `who_created`, `who_modified`) VALUES ('84', '2', '1000', '2019-11-11 15:40:57', NULL, '1', NULL);
INSERT INTO `tb_sys_role_menu` (`id`, `role_id`, `menu_id`, `when_created`, `when_modified`, `who_created`, `who_modified`) VALUES ('85', '2', '1001', '2019-11-11 15:40:57', NULL, '1', NULL);
INSERT INTO `tb_sys_role_menu` (`id`, `role_id`, `menu_id`, `when_created`, `when_modified`, `who_created`, `who_modified`) VALUES ('86', '2', '1002', '2019-11-11 15:40:57', NULL, '1', NULL);
INSERT INTO `tb_sys_role_menu` (`id`, `role_id`, `menu_id`, `when_created`, `when_modified`, `who_created`, `who_modified`) VALUES ('87', '2', '1003', '2019-11-11 15:40:57', NULL, '1', NULL);
INSERT INTO `tb_sys_role_menu` (`id`, `role_id`, `menu_id`, `when_created`, `when_modified`, `who_created`, `who_modified`) VALUES ('88', '2', '1004', '2019-11-11 15:40:57', NULL, '1', NULL);
INSERT INTO `tb_sys_role_menu` (`id`, `role_id`, `menu_id`, `when_created`, `when_modified`, `who_created`, `who_modified`) VALUES ('89', '2', '1005', '2019-11-11 15:40:57', NULL, '1', NULL);
INSERT INTO `tb_sys_role_menu` (`id`, `role_id`, `menu_id`, `when_created`, `when_modified`, `who_created`, `who_modified`) VALUES ('90', '2', '2000', '2019-11-11 15:40:57', NULL, '1', NULL);
INSERT INTO `tb_sys_role_menu` (`id`, `role_id`, `menu_id`, `when_created`, `when_modified`, `who_created`, `who_modified`) VALUES ('91', '2', '2300', '2019-11-11 15:40:57', NULL, '1', NULL);
INSERT INTO `tb_sys_role_menu` (`id`, `role_id`, `menu_id`, `when_created`, `when_modified`, `who_created`, `who_modified`) VALUES ('92', '2', '2400', '2019-11-11 15:40:57', NULL, '1', NULL);
INSERT INTO `tb_sys_role_menu` (`id`, `role_id`, `menu_id`, `when_created`, `when_modified`, `who_created`, `who_modified`) VALUES ('93', '2', '2500', '2019-11-11 15:40:57', NULL, '1', NULL);
INSERT INTO `tb_sys_role_menu` (`id`, `role_id`, `menu_id`, `when_created`, `when_modified`, `who_created`, `who_modified`) VALUES ('94', '2', '5000', '2019-11-11 15:40:57', NULL, '1', NULL);
INSERT INTO `tb_sys_role_menu` (`id`, `role_id`, `menu_id`, `when_created`, `when_modified`, `who_created`, `who_modified`) VALUES ('95', '2', '5100', '2019-11-11 15:40:57', NULL, '1', NULL);
INSERT INTO `tb_sys_role_menu` (`id`, `role_id`, `menu_id`, `when_created`, `when_modified`, `who_created`, `who_modified`) VALUES ('96', '2', '5101', '2019-11-11 15:40:57', NULL, '1', NULL);
INSERT INTO `tb_sys_role_menu` (`id`, `role_id`, `menu_id`, `when_created`, `when_modified`, `who_created`, `who_modified`) VALUES ('97', '2', '5102', '2019-11-11 15:40:57', NULL, '1', NULL);
INSERT INTO `tb_sys_role_menu` (`id`, `role_id`, `menu_id`, `when_created`, `when_modified`, `who_created`, `who_modified`) VALUES ('98', '2', '5103', '2019-11-11 15:40:57', NULL, '1', NULL);
INSERT INTO `tb_sys_role_menu` (`id`, `role_id`, `menu_id`, `when_created`, `when_modified`, `who_created`, `who_modified`) VALUES ('99', '2', '5104', '2019-11-11 15:40:57', NULL, '1', NULL);
INSERT INTO `tb_sys_role_menu` (`id`, `role_id`, `menu_id`, `when_created`, `when_modified`, `who_created`, `who_modified`) VALUES ('100', '2', '5105', '2019-11-11 15:40:57', NULL, '1', NULL);
INSERT INTO `tb_sys_role_menu` (`id`, `role_id`, `menu_id`, `when_created`, `when_modified`, `who_created`, `who_modified`) VALUES ('101', '2', '5106', '2019-11-11 15:40:57', NULL, '1', NULL);
INSERT INTO `tb_sys_role_menu` (`id`, `role_id`, `menu_id`, `when_created`, `when_modified`, `who_created`, `who_modified`) VALUES ('102', '2', '5107', '2019-11-11 15:40:57', NULL, '1', NULL);
INSERT INTO `tb_sys_role_menu` (`id`, `role_id`, `menu_id`, `when_created`, `when_modified`, `who_created`, `who_modified`) VALUES ('103', '3', '1000', '2019-11-11 15:41:19', NULL, '1', NULL);
INSERT INTO `tb_sys_role_menu` (`id`, `role_id`, `menu_id`, `when_created`, `when_modified`, `who_created`, `who_modified`) VALUES ('104', '3', '1001', '2019-11-11 15:41:19', NULL, '1', NULL);
INSERT INTO `tb_sys_role_menu` (`id`, `role_id`, `menu_id`, `when_created`, `when_modified`, `who_created`, `who_modified`) VALUES ('105', '3', '1002', '2019-11-11 15:41:19', NULL, '1', NULL);
INSERT INTO `tb_sys_role_menu` (`id`, `role_id`, `menu_id`, `when_created`, `when_modified`, `who_created`, `who_modified`) VALUES ('106', '3', '1003', '2019-11-11 15:41:19', NULL, '1', NULL);
INSERT INTO `tb_sys_role_menu` (`id`, `role_id`, `menu_id`, `when_created`, `when_modified`, `who_created`, `who_modified`) VALUES ('107', '3', '1004', '2019-11-11 15:41:19', NULL, '1', NULL);
INSERT INTO `tb_sys_role_menu` (`id`, `role_id`, `menu_id`, `when_created`, `when_modified`, `who_created`, `who_modified`) VALUES ('108', '3', '1005', '2019-11-11 15:41:19', NULL, '1', NULL);
INSERT INTO `tb_sys_role_menu` (`id`, `role_id`, `menu_id`, `when_created`, `when_modified`, `who_created`, `who_modified`) VALUES ('109', '3', '2000', '2019-11-11 15:41:19', NULL, '1', NULL);
INSERT INTO `tb_sys_role_menu` (`id`, `role_id`, `menu_id`, `when_created`, `when_modified`, `who_created`, `who_modified`) VALUES ('110', '3', '2500', '2019-11-11 15:41:19', NULL, '1', NULL);
INSERT INTO `tb_sys_role_menu` (`id`, `role_id`, `menu_id`, `when_created`, `when_modified`, `who_created`, `who_modified`) VALUES ('111', '2', '5108', '2019-11-11 15:41:19', NULL, '1', NULL);
INSERT INTO `tb_sys_role_menu` (`id`, `role_id`, `menu_id`, `when_created`, `when_modified`, `who_created`, `who_modified`) VALUES ('112', '2', '5109', '2019-11-11 15:41:19', NULL, '1', NULL);


-- ----------------------------
-- Records of tb_sys_user_role
-- ----------------------------
delete from tb_sys_user_role;
INSERT INTO `tb_sys_user_role` VALUES ('1', '1', '1', '2019-09-01 16:05:41', null, '1', null);
